<?xml version='1.0' encoding='UTF-8'?>
<users>
	<user first-name="Eugene" last-name="Stewart" age="65" />
	<user first-name="Fred" last-name="Allen" age="57"/>
	<user first-name="Clarence" last-name="Fowler" age="50"/>
	<user first-name="Betty" last-name="Lawson" age="38"/>
	<user first-name="Anna" last-name="Clark" age="41"/>
	<user first-name="Carl" last-name="Daniels" age="59"/>
	<user last-name="Lawson" age="19"/>
	<user last-name="Fox" age="68"/>
	<user first-name="Gary" last-name="Stevens"/>
	<user last-name="Mitchell" age="41"/>
	<user last-name="Bennett"/>
	<user first-name="Brenda" last-name="Howell" age="75"/>
	<user last-name="Schmidt" age="70"/>
	<user first-name="Brandon" last-name="Fuller" age="30"/>
	<user last-name="Moreno" age="37"/>
	<user last-name="Stewart" age="39"/>
	<user last-name="Peterson" age="72"/>
	<user first-name="Patrick" last-name="King"/>
	<user first-name="Rachel" last-name="Johnson" age="24"/>
	<user first-name="Sandra" last-name="Riley" age="74"/>
	<user first-name="Gloria" last-name="Alexander" age="61"/>
	<user last-name="Harrison" age="18"/>
	<user first-name="Nicole" last-name="Harris" age="43"/>
	<user first-name="Benjamin" last-name="Henry" age="63"/>
	<user first-name="Nicole" last-name="Martinez" age="28"/>
	<user last-name="Baker"/>
	<user first-name="Patricia" last-name="Cooper" age="72"/>
	<user last-name="Thompson" age="46"/>
	<user first-name="Ann" last-name="Stevens"/>
	<user first-name="Christina" last-name="Patterson" age="63"/>
	<user first-name="Sarah" last-name="Day" age="33"/>
	<user first-name="Jennifer" last-name="Riley"/>
	<user first-name="Jacqueline" last-name="Perez" age="25"/>
	<user first-name="Amanda" last-name="Frazier"/>
	<user first-name="Joshua" last-name="Murray" age="41"/>
	<user first-name="Jean" last-name="Henry"/>
	<user first-name="Diana" last-name="Harvey" age="46"/>
	<user first-name="Emily" last-name="Parker" age="41"/>
	<user first-name="Paula" last-name="Hill" age="74"/>
	<user first-name="Billy" last-name="Parker" age="68"/>
	<user first-name="Jeremy" last-name="Woods" age="20"/>
	<user first-name="Christine" last-name="Gomez" age="28"/>
	<user first-name="Jonathan" last-name="Rodriguez"/>
	<user first-name="Kathy" last-name="Gilbert" age="51"/>
	<user first-name="Fred" last-name="Barnes"/>
	<user first-name="Anna" last-name="Parker" age="56"/>
	<user first-name="Betty" last-name="Ward" age="70"/>
	<user first-name="Patricia" last-name="Fuller" age="36"/>
	<user first-name="Bonnie" last-name="Fox" age="18"/>
	<user first-name="Chris" last-name="Mitchell" age="59"/>
	<user last-name="Cunningham"/>
	<user first-name="Arthur" last-name="Reynolds" age="32"/>
	<user first-name="Thomas" last-name="Snyder" age="40"/>
	<user first-name="Marie" last-name="Williamson"/>
	<user first-name="Wanda" last-name="Harris" age="26"/>
	<user first-name="Doris" last-name="Cook" age="61"/>
</users>