<?xml version="1.0" encoding="UTF-8" ?>
<towns>
  <town>
    <name>I</name>
    <population>15462452</population>
    <travel-guide>Aenean fermentum. Donec ut mauris eget massa tempor convallis. Nulla neque libero, convallis eget, eleifend luctus, ultricies eu, nibh. Quisque id justo sit amet sapien dignissim vestibulum. Vestibulum ante ipsum primis in faucibus orci luctus et ultrices posuere cubilia Curae; Nulla dapibus dolor vel est.</travel-guide>
  </town>
  <town>
    <name>Moscow</name>
    <population>12195221</population>
    <travel-guide>Suspendisse potenti. Cras in purus eu magna vulputate luctus. Cum sociis natoque penatibus et magnis dis parturient montes, nascetur ridiculus mus. Vivamus vestibulum sagittis sapien. Cum sociis natoque penatibus et magnis dis parturient montes, nascetur ridiculus mus. Etiam vel augue. Vestibulum rutrum rutrum neque. Aenean auctor gravida sem. Praesent id massa id nisl venenatis lacinia. Aenean sit amet justo.</travel-guide>
  </town>
  <town>
    <name>London</name>
    <population>9126366</population>
    <travel-guide>Short.</travel-guide>
  </town>
  <town>
    <name>Saint Petersburg</name>
    <population>-5383890</population>
    <travel-guide>Nullam varius. Nulla facilisi. Cras non velit nec nisi vulputate nonummy. Maecenas tincidunt lacus at velit. Vivamus vel nulla eget eros elementum pellentesque. Quisque porta volutpat erat. Quisque erat eros, viverra eget, congue eget, semper rutrum, nulla.</travel-guide>
  </town>
  <town>
    <name>Berlin</name>
    <population>3748148</population>
    <travel-guide>Maecenas tincidunt lacus at velit. Vivamus vel nulla eget eros elementum pellentesque.</travel-guide>
  </town>
  <town>
    <name>Madrid</name>
    <population>3223334</population>
    <travel-guide>Integer tincidunt ante vel ipsum. Praesent blandit lacinia erat. Vestibulum sed magna at nunc commodo placerat.</travel-guide>
  </town>
  <town>
    <name>Kyiv</name>
    <population>2950800</population>
    <travel-guide>Quisque ut erat. Curabitur gravida nisi at nibh. In hac habitasse platea dictumst. Aliquam augue quam, sollicitudin vitae, consectetuer eget, rutrum at, lorem. Integer tincidunt ante vel ipsum. Praesent blandit lacinia erat. Vestibulum sed magna at nunc commodo placerat. Praesent blandit. Nam nulla. Integer pede justo, lacinia eget, tincidunt eget, tempus vel, pede.</travel-guide>
  </town>
  <town>
    <name>Rome</name>
    <population>2844750</population>
    <travel-guide>Suspendisse ornare consequat lectus.</travel-guide>
  </town>
  <town>
    <name>Bucharest</name>
    <population>-2155240</population>
    <travel-guide>Aliquam non mauris. Morbi non lectus. Aliquam sit amet diam in magna bibendum imperdiet. Nullam orci pede, venenatis non, sodales sed, tincidunt eu, felis. Fusce posuere felis sed lacus. Morbi sem mauris, laoreet ut, rhoncus aliquet, pulvinar sed, nisl.</travel-guide>
  </town>
  <town>
    <name>Paris</name>
    <population>2140526</population>
    <travel-guide>Aenean lectus. Pellentesque eget nunc. Donec quis orci eget orci vehicula condimentum. Curabitur in libero ut massa volutpat convallis. Morbi odio odio, elementum eu, interdum eu, tincidunt in, leo. Maecenas pulvinar lobortis est. Phasellus sit amet erat. Nulla tempus. Vivamus in felis eu sapien cursus vestibulum. Proin eu mi.</travel-guide>
  </town>
  <town>
    <name>Minsk</name>
    <population>1981153</population>
    <travel-guide>Vestibulum ante ipsum primis in faucibus orci luctus et ultrices posuere cubilia Curae; Mauris viverra diam vitae quam. Suspendisse potenti. Nullam porttitor lacus at turpis. Donec posuere metus vitae ipsum. Aliquam non mauris. Morbi non lectus.</travel-guide>
  </town>
  <town>
    <name>Vienna</name>
    <population>1922444</population>
    <travel-guide>Donec posuere metus vitae ipsum.</travel-guide>
  </town>
  <town>
    <name>Hamburg</name>
    <population>1899160</population>
    <travel-guide>Proin at turpis a pede posuere nonummy. Integer non velit. Donec diam neque, vestibulum eget, vulputate ut, ultrices vel, augue. Vestibulum ante ipsum primis in faucibus orci luctus et ultrices posuere cubilia Curae; Donec pharetra, magna vestibulum aliquet ultrices, erat tortor sollicitudin mi, sit amet lobortis sapien sapien non mi. Integer ac neque. Duis bibendum. Morbi non quam nec dui luctus rutrum. Nulla tellus.</travel-guide>
  </town>
  <town>
    <name>Warsaw</name>
    <population>1793579</population>
    <travel-guide>Morbi sem mauris, laoreet ut, rhoncus aliquet, pulvinar sed, nisl. Nunc rhoncus dui vel sem. Sed sagittis.</travel-guide>
  </town>
  <town>
    <name>B</name>
    <population>1768073</population>
    <travel-guide>Nunc purus. Phasellus in felis. Donec semper sapien a libero. Nam dui. Proin leo odio, porttitor id, consequat in, consequat ut, nulla. Sed accumsan felis. Ut at dolor quis odio consequat varius. Integer ac leo. Pellentesque ultrices mattis odio.</travel-guide>
  </town>
  <town>
    <name>Barcelona</name>
    <population>1636762</population>
    <travel-guide>Nulla suscipit ligula in lacus.</travel-guide>
  </town>
  <town>
    <name>Munich</name>
    <population>1471508</population>
    <travel-guide>Nulla neque libero, convallis eget, eleifend luctus, ultricies eu, nibh. Quisque id justo sit amet sapien dignissim vestibulum. Vestibulum ante ipsum primis in faucibus orci luctus et ultrices posuere cubilia Curae; Nulla dapibus dolor vel est. Donec odio justo, sollicitudin ut, suscipit a, feugiat et, eros.</travel-guide>
  </town>
  <town>
    <name>Kharkiv</name>
    <population>1451132</population>
    <travel-guide>Lorem.</travel-guide>
  </town>
  <town>
    <name>Milan</name>
    <population>1404239</population>
    <travel-guide>Vestibulum ante ipsum primis in faucibus orci luctus et ultrices posuere cubilia Curae; Nulla dapibus dolor vel est. Donec odio justo, sollicitudin ut, suscipit a, feugiat et, eros. Vestibulum ac est lacinia nisi venenatis tristique. Fusce congue, diam id ornare imperdiet, sapien urna pretium nisl, ut volutpat sapien arcu sed augue. Aliquam erat volutpat. In congue.</travel-guide>
  </town>
  <town>
    <name>Belgrade</name>
    <population>1397939</population>
    <travel-guide>In eleifend quam a odio. In hac habitasse platea dictumst. Maecenas ut massa quis augue luctus tincidunt. Nulla mollis molestie lorem.</travel-guide>
  </town>
  <town>
    <name>Prague</name>
    <population>1324277</population>
    <travel-guide>In hac habitasse platea dictumst. Aliquam augue quam, sollicitudin vitae, consectetuer eget, rutrum at, lorem. Integer tincidunt ante vel ipsum.</travel-guide>
  </town>
  <town>
    <name>Nizhny Novgorod</name>
    <population>-1259013</population>
    <travel-guide>Morbi a ipsum.</travel-guide>
  </town>
  <town>
    <name>Kazan</name>
    <population>1257391</population>
    <travel-guide>Nullam varius. Nulla facilisi. Cras non velit nec nisi vulputate nonummy. Maecenas tincidunt lacus at velit.</travel-guide>
  </town>
  <town>
    <name>Sofia</name>
    <population>1238438</population>
    <travel-guide>Lorem ipsum dolor sit amet, consectetuer adipiscing elit. Proin risus. Praesent lectus. Vestibulum quam sapien, varius ut, blandit non, interdum in, ante.</travel-guide>
  </town>
  <town>
    <name>Birmingham</name>
    <population>1223000</population>
    <travel-guide>Nullam sit amet turpis elementum ligula vehicula consequat.</travel-guide>
  </town>
  <town>
    <name>Brussels</name>
    <population>1211035</population>
    <travel-guide>Sed accumsan felis. Ut at dolor quis odio consequat varius. Integer ac leo. Pellentesque ultrices mattis odio. Donec vitae nisi. Nam ultrices, libero non mattis pulvinar, nulla pede ullamcorper augue, a suscipit nulla elit ac nulla. Sed vel enim sit amet nunc viverra dapibus. Nulla suscipit ligula in lacus.</travel-guide>
  </town>
  <town>
    <name>Samara</name>
    <population>1170910</population>
    <travel-guide>Nulla ut erat id mauris vulputate elementum. Nullam varius. Nulla facilisi. Cras non velit nec nisi vulputate nonummy. Maecenas tincidunt lacus at velit. Vivamus vel nulla eget eros elementum pellentesque. Quisque porta volutpat erat. Quisque erat eros, viverra eget, congue eget, semper rutrum, nulla. Nunc purus. Phasellus in felis.</travel-guide>
  </town>
  <town>
    <name>Ufa</name>
    <population>1121429</population>
    <travel-guide>Vestibulum ac est lacinia nisi venenatis tristique. Fusce congue, diam id ornare imperdiet, sapien urna pretium nisl, ut volutpat sapien arcu sed augue.</travel-guide>
  </town>
  <town>
    <name>Rostov-on-Don</name>
    <population>1119875</population>
    <travel-guide>Praesent id massa id nisl venenatis lacinia. Aenean sit amet justo. Morbi ut odio. Cras mi pede, malesuada in, imperdiet et, commodo vulputate, justo. In blandit ultrices enim. Lorem ipsum dolor sit amet, consectetuer adipiscing elit. Proin interdum mauris non ligula pellentesque ultrices.</travel-guide>
  </town>
  <town>
    <name>Cologne</name>
    <population>1085664</population>
    <travel-guide>Praesent lectus. Vestibulum quam sapien, varius ut, blandit non, interdum in, ante. Vestibulum ante ipsum primis in faucibus orci luctus et ultrices posuere cubilia Curae; Duis faucibus accumsan odio. Curabitur convallis. Duis consequat dui nec nisi volutpat eleifend. Donec ut dolor. Morbi vel lectus in quam fringilla rhoncus. Mauris enim leo, rhoncus sed, vestibulum sit amet, cursus id, turpis.</travel-guide>
  </town>
  <town>
    <name>Tbilisi</name>
    <population>1171100</population>
    <travel-guide>Nulla tempus. Vivamus in felis eu sapien cursus vestibulum. Proin eu mi. Nulla ac enim. In tempor, turpis nec euismod scelerisque, quam turpis adipiscing lorem, vitae mattis nibh ligula nec sem.</travel-guide>
  </town>
  <town>
    <name>Voronezh</name>
    <population>1054537</population>
    <travel-guide>Nullam molestie nibh in lectus. Pellentesque at nulla. Suspendisse potenti. Cras in purus eu magna vulputate luctus. Cum sociis natoque penatibus et magnis dis parturient montes, nascetur ridiculus mus. Vivamus vestibulum sagittis sapien. Cum sociis natoque penatibus et magnis dis parturient montes, nascetur ridiculus mus. Etiam vel augue. Vestibulum rutrum rutrum neque. Aenean auctor gravida sem.</travel-guide>
  </town>
  <town>
    <name>Perm</name>
    <population>1051583</population>
    <travel-guide>Integer ac neque. Duis bibendum. Morbi non quam nec dui luctus rutrum. Nulla tellus.</travel-guide>
  </town>
  <town>
    <name>Volgograd</name>
    <population>1013533</population>
    <travel-guide>Nullam sit amet turpis elementum ligula vehicula consequat. Morbi a ipsum. Integer a nibh. In quis justo. Maecenas rhoncus aliquam lacus. Morbi quis tortor id nulla ultrices aliquet. Maecenas leo odio, condimentum id, luctus nec, molestie sed, justo. Pellentesque viverra pede ac diam.</travel-guide>
  </town>
  <town>
    <name>Odessa</name>
    <population>1011494</population>
    <travel-guide>Phasellus in felis. Donec semper sapien a libero. Nam dui. Proin leo odio, porttitor id, consequat in, consequat ut, nulla. Sed accumsan felis.</travel-guide>
  </town>
  <town>
    <name>New York</name>
    <population>8253213</population>
    <travel-guide>Sed ante. Vivamus tortor. Duis mattis egestas metus.</travel-guide>
  </town>
  <town>
    <name>Los Angeles</name>
    <population>3970219</population>
    <travel-guide>Proin leo odio, porttitor id, consequat in, consequat ut, nulla.</travel-guide>
  </town>
  <town>
    <name>Chicago</name>
    <population>2677643</population>
    <travel-guide>Nam dui. Proin leo odio, porttitor id, consequat in, consequat ut, nulla. Sed accumsan felis. Ut at dolor quis odio consequat varius. Integer ac leo. Pellentesque ultrices mattis odio. Donec vitae nisi. Nam ultrices, libero non mattis pulvinar, nulla pede ullamcorper augue, a suscipit nulla elit ac nulla.</travel-guide>
  </town>
  <town>
    <name>Houston</name>
    <population>2316120</population>
    <travel-guide>Pellentesque ultrices mattis odio. Donec vitae nisi. Nam ultrices, libero non mattis pulvinar, nulla pede ullamcorper augue, a suscipit nulla elit ac nulla.</travel-guide>
  </town>
  <town>
    <name>Phoenix</name>
    <population>1708127</population>
    <travel-guide>In eleifend quam a odio. In hac habitasse platea dictumst. Maecenas ut massa quis augue luctus tincidunt.</travel-guide>
  </town>
  <town>
    <name>Philadelphia</name>
    <population>1578487</population>
    <travel-guide>Sed accumsan felis.</travel-guide>
  </town>
  <town>
    <name>San Antonio</name>
    <population>1567118</population>
    <travel-guide>In hac habitasse platea dictumst. Maecenas ut massa quis augue luctus tincidunt. Nulla mollis molestie lorem. Quisque ut erat. Curabitur gravida nisi at nibh. In hac habitasse platea dictumst. Aliquam augue quam, sollicitudin vitae, consectetuer eget, rutrum at, lorem. Integer tincidunt ante vel ipsum. Praesent blandit lacinia erat.</travel-guide>
  </town>
  <town>
    <name>San Diego</name>
    <population>1422420</population>
    <travel-guide>Quisque erat eros, viverra eget, congue eget, semper rutrum, nulla. Nunc purus. Phasellus in felis. Donec semper sapien a libero. Nam dui.</travel-guide>
  </town>
  <town>
    <name>Dallas</name>
    <population>1343266</population>
    <travel-guide>Sed sagittis. Nam congue, risus semper porta volutpat, quam pede lobortis ligula, sit amet eleifend pede libero quis orci. Nullam molestie nibh in lectus.</travel-guide>
  </town>
  <town>
    <name>San Jose</name>
    <population>1013616</population>
    <travel-guide>Morbi vestibulum, velit id pretium iaculis, diam erat fermentum justo, nec condimentum neque sapien placerat ante. Nulla justo. Aliquam quis turpis eget elit sodales scelerisque. Mauris sit amet eros. Suspendisse accumsan tortor quis turpis. Sed ante. Vivamus tortor. Duis mattis egestas metus. Aenean fermentum.</travel-guide>
  </town>
  <town>
    <name>A</name>
    <population>995484</population>
    <travel-guide>Proin leo odio, porttitor id, consequat in, consequat ut, nulla. Sed accumsan felis. Ut at dolor quis odio consequat varius. Integer ac leo. Pellentesque ultrices mattis odio. Donec vitae nisi.</travel-guide>
  </town>
  <town>
    <name>Fort Worth</name>
    <population>-927720</population>
    <travel-guide>Morbi vestibulum, velit id pretium iaculis, diam erat fermentum justo, nec condimentum neque sapien placerat ante. Nulla justo. Aliquam quis turpis eget elit sodales scelerisque. Mauris sit amet eros. Suspendisse accumsan tortor quis turpis. Sed ante. Vivamus tortor. Duis mattis egestas metus. Aenean fermentum. Donec ut mauris eget massa tempor convallis.</travel-guide>
  </town>
  <town>
    <name>Jacksonville</name>
    <population>920570</population>
    <travel-guide>Nulla .</travel-guide>
  </town>
  <town>
    <name>S</name>
    <population>866606</population>
    <travel-guide>Nulla mollis molestie lorem. Quisque ut erat. Curabitur gravida nisi at nibh. In hac habitasse platea dictumst. Aliquam augue quam, sollicitudin vitae, consectetuer eget, rutrum at, lorem. Integer tincidunt ante vel ipsum. Praesent blandit lacinia erat. Vestibulum sed magna at nunc commodo placerat. Praesent blandit. Nam nulla.</travel-guide>
  </town>
  <town>
    <name>Seattle</name>
    <population>-769714</population>
    <travel-guide>Maecenas pulvinar lobortis est.</travel-guide>
  </town>
</towns>