<?xml version='1.0' encoding='utf-8'?>
<!DOCTYPE hibernate-configuration
        PUBLIC "-//Hibernate/Hibernate Configuration DTD//EN"
        "http://www.hibernate.org/dtd/hibernate-configuration-3.0.dtd">
<hibernate-configuration>
    <session-factory>

        <property name="hibernate.connection.url">
            jdbc:mysql://localhost:3307/soft_uni?createDatabaseIfNotExist=true
        </property>
        <property name="hibernate.connection.username">
            root
        </property>
        <property name="hibernate.connection.password">

        </property>
        <property name="hibernate.dialect">
            org.hibernate.dialect.MySQL8Dialect
        </property>
        <property name="hibernate.connection.driver_class">
            com.mysql.cj.jdbc.Driver
        </property>
        <property name="hbm2ddl.auto">
            update
        </property>
        <property name="hibernate.show_sql">
            true
        </property>
        <property name="hibernate.format_sql">
            true
        </property>
        <!-- List of XML mapping files -->

        <mapping resource="town.hbm.xml"/>
    </session-factory>
</hibernate-configuration>